{
  "record_id": "1771350836_46537e4f6f8d",
  "K": 6,
  "tau": 1.128028,
  "alphas": [
    0.708402,
    0.785148,
    0.869892,
    1.124418,
    1.182121,
    1.243221
  ],
  "cs": [
    0.664209,
    0.664134,
    0.855601
  ],
  "b_inf": 1.9634505937130473,
  "c_record": 0.9817252968565237,
  "status": "CERTIFIED",
  "worst_idx": 4011,
  "witness_w": [
    -0.0,
    0.09438719607355436,
    0.33579099999999995,
    0.38809771214716143,
    0.8328981937168728,
    1.0,
    1.0,
    1.0
  ],
  "lemma31": 1.963450593713047,
  "lemma32": [
    1.963450593713047,
    1.9634505937130475,
    1.9634505937130473
  ],
  "total_cases": 19736,
  "artifact_path": "/Users/rynaldos/Desktop/erdos/records/certified/record_1771350836_46537e4f6f8d"
}