{
  "K": 6,
  "tau": 1.12733,
  "alphas": [0.70749, 0.78822, 0.87175, 1.12464, 1.18020, 1.24610],
  "cs": [0.66461, 0.67780, 0.71884]
}
