{"status": 0, "success": true, "fun": -1.6242492544188445, "x": [0.0, 7.500000000004725e-05, 7.500000000004725e-05, 0.14439900000000006, 0.335866, 0.664209, 0.855676, 1.0, 1.6242492544188445], "dual_ub": [-0.0, -0.19547941917478343, -0.0, -0.0, -0.0, -0.1404659274433689, -0.0, -0.0, -0.0, -0.0, -0.0, -0.0, -0.0, -0.0, -0.0, -0.0, -0.0, -0.0, -0.0, -0.04054348413853148, -0.0, -0.0, -0.0, -0.8671060484073583, -0.0, -0.0, -0.0, -0.0, -0.0, -0.0, -0.0, -0.0, -0.0, -0.43255584578278783, -0.0, -0.35701279540242714, -0.0, -0.0, -0.0, -1.0, -0.0], "dual_eq": [-0.0, -0.0], "dual_lower": [1.2241188438097854, 0.0, 0.0, 0.0, 0.0, 0.0, 0.0, 0.0, 0.0], "dual_upper": [0.0, 0.0, 0.0, 0.0, 0.0, 0.0, 0.0, -2.942052008644901, 0.0], "A_ub": [[1.0, -1.0, 0.0, 0.0, 0.0, 0.0, 0.0, 0.0, 0.0], [0.0, 1.0, -1.0, 0.0, 0.0, 0.0, 0.0, 0.0, 0.0], [0.0, 0.0, 1.0, -1.0, 0.0, 0.0, 0.0, 0.0, 0.0], [0.0, 0.0, 0.0, 1.0, -1.0, 0.0, 0.0, 0.0, 0.0], [-1.0, 0.0, 0.0, 0.0, 1.0, 0.0, 0.0, 0.0, 0.0], [1.0, 0.0, 0.0, 0.0, 0.0, -1.0, 0.0, 0.0, 0.0], [0.0, -1.0, 0.0, 0.0, 0.0, 1.0, 0.0, 0.0, 0.0], [0.0, 1.0, -1.0, 0.0, 0.0, 0.0, 0.0, 0.0, 0.0], [0.0, 0.0, 1.0, -1.0, 0.0, 0.0, 0.0, 0.0, 0.0], [0.0, 0.0, 0.0, 1.0, 0.0, 0.0, -1.0, 0.0, 0.0], [0.0, 0.0, 0.0, 0.0, 0.0, 0.0, 1.0, -1.0, 0.0], [0.0, 0.0, 0.0, 0.0, -1.0, 0.0, 0.0, 1.0, 0.0], [1.0, -1.0, 0.0, 0.0, 0.0, 0.0, 0.0, 0.0, 0.0], [0.0, 1.0, -1.0, 0.0, 0.0, 0.0, 0.0, 0.0, 0.0], [0.0, 0.0, 1.0, -1.0, 0.0, 0.0, 0.0, 0.0, 0.0], [0.0, 0.0, 0.0, 1.0, -1.0, 0.0, 0.0, 0.0, 0.0], [-1.0, 0.0, 0.0, 0.0, 1.0, 0.0, 0.0, 0.0, 0.0], [1.0, -1.0, 0.0, 0.0, 0.0, 0.0, 0.0, 0.0, 0.0], [0.0, 1.0, 0.0, 0.0, 0.0, -1.0, 0.0, 0.0, 0.0], [0.0, 0.0, -1.0, 0.0, 0.0, 1.0, 0.0, 0.0, 0.0], [0.0, 0.0, 1.0, -1.0, 0.0, 0.0, 0.0, 0.0, 0.0], [0.0, 0.0, 0.0, 1.0, 0.0, 0.0, -1.0, 0.0, 0.0], [0.0, 0.0, 0.0, 0.0, -1.0, 0.0, 1.0, 0.0, 0.0], [0.0, 0.0, 0.0, 0.0, 1.0, 0.0, 0.0, -1.0, 0.0], [0.0, 0.0, 0.0, 0.0, 0.0, -1.0, 0.0, 1.0, 0.0], [1.0, -1.0, 0.0, 0.0, 0.0, 0.0, 0.0, 0.0, 0.0], [0.0, 1.0, -1.0, 0.0, 0.0, 0.0, 0.0, 0.0, 0.0], [0.0, 0.0, 1.0, -1.0, 0.0, 0.0, 0.0, 0.0, 0.0], [0.0, 0.0, 0.0, 1.0, -1.0, 0.0, 0.0, 0.0, 0.0], [0.0, 0.0, 0.0, 0.0, 1.0, -1.0, 0.0, 0.0, 0.0], [-1.0, 0.0, 0.0, 0.0, 0.0, 1.0, 0.0, 0.0, 0.0], [1.0, -1.0, 0.0, 0.0, 0.0, 0.0, 0.0, 0.0, 0.0], [0.0, 1.0, -1.0, 0.0, 0.0, 0.0, 0.0, 0.0, 0.0], [0.0, 0.0, 1.0, 0.0, 0.0, 0.0, -1.0, 0.0, 0.0], [0.0, 0.0, 0.0, -1.0, 0.0, 0.0, 1.0, 0.0, 0.0], [0.0, 0.0, 0.0, 1.0, 0.0, 0.0, 0.0, -1.0, 0.0], [0.0, 0.0, 0.0, 0.0, -1.0, 0.0, 0.0, 1.0, 0.0], [-0.19183107361666585, 0.08768841100385519, 0.06595193984569347, 0.038190722767117186, -0.034923383032312495, -0.03990561467306738, -0.058631277177387114, -1.8810705424231864, 1.0], [1.0830551675625582, -0.09560069123961856, -0.19648856144333815, -0.3569321748509606, -0.866715000967457, -0.0, 0.4326812609388162, -1.6519366512234934, 1.0], [1.0836529163664166, -0.19547941917478343, -0.19653294246947295, -0.35701279540242714, -0.8671060484073583, 0.0999224433048374, 0.43255584578278783, -1.717933164835116, 1.0], [0.26179374419802454, -0.26564418997155054, -0.15459579776894222, -0.0006294084179036637, -0.22207087445116802, -0.10586894275438052, 0.48701546916592037, -2.136825738062719, 1.0]], "b_ub": [0.0, 0.0, 0.0, 0.0, 0.664209, -0.664209, 0.664209, 0.0, 0.0, -0.664209, 0.0, 0.664209, 0.0, 0.0, 0.0, 0.0, 0.664134, 0.0, -0.664134, 0.664134, 0.0, -0.664134, 0.664134, -0.664134, 0.664134, 0.0, 0.0, 0.0, 0.0, 0.0, 0.855601, 0.0, 0.0, -0.855601, 0.855601, -0.855601, 0.855601, 0.0, 0.0, 0.0, 0.0], "A_eq": [[1.0, 0.0, 0.0, 0.0, 0.0, 0.0, 0.0, 0.0, 0.0], [0.0, 0.0, 0.0, 0.0, 0.0, 0.0, 0.0, 1.0, 0.0]], "b_eq": [0.0, 1.0], "c": [0.0, 0.0, 0.0, 0.0, 0.0, 0.0, 0.0, 0.0, -1.0], "bounds": [[0.0, 1.0], [0.0, 1.0], [0.0, 1.0], [0.0, 1.0], [0.0, 1.0], [0.0, 1.0], [0.0, 1.0], [0.0, 1.0], [null, null]]}