{"status": 0, "success": true, "fun": -1.963450313058282, "x": [-0.0, 7.500000000004725e-05, 0.1878259766445507, 0.664209, 0.8519599766445507, 0.8520349766445507, 0.9617077303016872, 1.0, 1.963450313058282], "dual_ub": [-0.0, -0.0, -0.0, -0.03007402023048662, -0.0, -0.0, -0.0, -0.01018921385894613, -0.0, -0.0, -0.0, -0.0, -0.0, -0.0, -0.0, -1.6117532928802844e-06, -0.0, -2.2253985699434872e-06, -0.0, -0.0, -0.0, -0.0, -0.0, -0.0, -0.0, -0.0, -0.0, -0.0, -0.0, -0.0, -0.0, -0.0, -0.7875115129504665, -0.21248549499425173, -0.0, -2.9920552815990153e-06], "dual_eq": [-0.10510150299171296, -0.0], "dual_lower": [0.0, 0.0, 0.0, 0.0, 0.0, 0.0, 0.0, 0.0, 0.0], "dual_upper": [0.0, 0.0, 0.0, 0.0, 0.0, 0.0, 0.0, -1.9766605287965315, 0.0], "A_ub": [[1.0, -1.0, 0.0, 0.0, 0.0, 0.0, 0.0, 0.0, 0.0], [0.0, 1.0, -1.0, 0.0, 0.0, 0.0, 0.0, 0.0, 0.0], [-1.0, 0.0, 1.0, 0.0, 0.0, 0.0, 0.0, 0.0, 0.0], [1.0, 0.0, 0.0, -1.0, 0.0, 0.0, 0.0, 0.0, 0.0], [0.0, -1.0, 0.0, 1.0, 0.0, 0.0, 0.0, 0.0, 0.0], [0.0, 1.0, 0.0, 0.0, -1.0, 0.0, 0.0, 0.0, 0.0], [0.0, 0.0, 0.0, 0.0, 1.0, -1.0, 0.0, 0.0, 0.0], [0.0, 0.0, -1.0, 0.0, 0.0, 1.0, 0.0, 0.0, 0.0], [0.0, 0.0, 1.0, 0.0, 0.0, 0.0, -1.0, 0.0, 0.0], [0.0, 0.0, 0.0, 0.0, 0.0, 0.0, 1.0, -1.0, 0.0], [0.0, 0.0, 0.0, -1.0, 0.0, 0.0, 0.0, 1.0, 0.0], [1.0, -1.0, 0.0, 0.0, 0.0, 0.0, 0.0, 0.0, 0.0], [0.0, 1.0, -1.0, 0.0, 0.0, 0.0, 0.0, 0.0, 0.0], [-1.0, 0.0, 1.0, 0.0, 0.0, 0.0, 0.0, 0.0, 0.0], [1.0, -1.0, 0.0, 0.0, 0.0, 0.0, 0.0, 0.0, 0.0], [0.0, 1.0, 0.0, -1.0, 0.0, 0.0, 0.0, 0.0, 0.0], [0.0, 0.0, -1.0, 1.0, 0.0, 0.0, 0.0, 0.0, 0.0], [0.0, 0.0, 1.0, 0.0, -1.0, 0.0, 0.0, 0.0, 0.0], [0.0, 0.0, 0.0, 0.0, 1.0, -1.0, 0.0, 0.0, 0.0], [0.0, 0.0, 0.0, 0.0, 0.0, 1.0, -1.0, 0.0, 0.0], [0.0, 0.0, 0.0, 0.0, 0.0, 0.0, 1.0, -1.0, 0.0], [0.0, 0.0, 0.0, -1.0, 0.0, 0.0, 0.0, 1.0, 0.0], [1.0, -1.0, 0.0, 0.0, 0.0, 0.0, 0.0, 0.0, 0.0], [0.0, 1.0, -1.0, 0.0, 0.0, 0.0, 0.0, 0.0, 0.0], [0.0, 0.0, 1.0, -1.0, 0.0, 0.0, 0.0, 0.0, 0.0], [0.0, 0.0, 0.0, 1.0, -1.0, 0.0, 0.0, 0.0, 0.0], [0.0, 0.0, 0.0, 0.0, 1.0, -1.0, 0.0, 0.0, 0.0], [-1.0, 0.0, 0.0, 0.0, 0.0, 1.0, 0.0, 0.0, 0.0], [1.0, -1.0, 0.0, 0.0, 0.0, 0.0, 0.0, 0.0, 0.0], [0.0, 1.0, 0.0, 0.0, 0.0, 0.0, -1.0, 0.0, 0.0], [0.0, 0.0, 0.0, 0.0, 0.0, 0.0, 1.0, -1.0, 0.0], [0.0, 0.0, -1.0, 0.0, 0.0, 0.0, 0.0, 1.0, 0.0], [-0.19183107361666585, 0.08768841100385519, 0.06595193984569347, 0.038190722767117186, -0.034923383032312495, -0.03990561467306738, -0.058631277177387114, -1.8810705424231864, 1.0], [0.07479509362108779, -0.32499371381057207, -0.19648856144333815, -0.0, 0.1294462761176799, 0.09994674645327364, 0.2172941590618689, -2.3309349252543288, 1.0], [0.0749048053305226, -1.3023118931567625, -0.28980500908660806, 0.9774012316256411, 0.17473378572652692, 0.1478919665517836, 0.21718511300889637, -3.0418722855360247, 1.0], [0.26179374419802454, -0.26564418997155054, 0.01529700082556037, -0.0006294084179036637, -0.22207087445116802, -0.10586894275438052, 0.3171226705714178, -1.991465289692464, 1.0]], "b_ub": [0.0, 0.0, 0.664209, -0.664209, 0.664209, -0.664209, 0.0, 0.664209, -0.664209, 0.0, 0.664209, 0.0, 0.0, 0.664134, 0.0, -0.664134, 0.664134, -0.664134, 0.0, 0.0, 0.0, 0.664134, 0.0, 0.0, 0.0, 0.0, 0.0, 0.855601, 0.0, -0.855601, 0.0, 0.855601, 0.0, 0.0, 0.0, 0.0], "A_eq": [[1.0, 0.0, 0.0, 0.0, 0.0, 0.0, 0.0, 0.0, 0.0], [0.0, 0.0, 0.0, 0.0, 0.0, 0.0, 0.0, 1.0, 0.0]], "b_eq": [0.0, 1.0], "c": [0.0, 0.0, 0.0, 0.0, 0.0, 0.0, 0.0, 0.0, -1.0], "bounds": [[0.0, 1.0], [0.0, 1.0], [0.0, 1.0], [0.0, 1.0], [0.0, 1.0], [0.0, 1.0], [0.0, 1.0], [0.0, 1.0], [null, null]]}