{"status": 0, "success": true, "fun": -1.9438118000796645, "x": [0.0, 0.14439900000000006, 0.14439900000000006, 0.33579099999999995, 0.664209, 0.8086080000000001, 1.0, 1.0, 1.9438118000796645], "dual_ub": [-0.0, -0.05501987057241692, -0.0, -0.0, -0.22207087445116802, -0.0, -0.10586894275438052, -0.0, -0.0, -0.0006294084179036637, -0.0, -0.0, -0.0, -0.0, -0.0, -0.0, -0.0, -0.0, -0.0, -0.0, -0.0, -0.0, -0.0, -0.0, -0.0, -0.0, -0.0, -0.0, -0.0, -0.0, -0.0, -0.31649326215351414, -0.0, -0.03972286974685655, -0.0, -0.0, -0.0, -0.0, -1.0], "dual_eq": [-0.0, -0.0], "dual_lower": [0.039722869746856515, 0.0, 0.0, 0.0, 0.0, 0.0, 0.0, 0.0, 0.0], "dual_upper": [0.0, 0.0, 0.0, 0.0, 0.0, 0.0, 0.0, -2.0311881594393206, 0.0], "A_ub": [[1.0, -1.0, 0.0, 0.0, 0.0, 0.0, 0.0, 0.0, 0.0], [0.0, 1.0, -1.0, 0.0, 0.0, 0.0, 0.0, 0.0, 0.0], [0.0, 0.0, 1.0, -1.0, 0.0, 0.0, 0.0, 0.0, 0.0], [0.0, 0.0, 0.0, 1.0, -1.0, 0.0, 0.0, 0.0, 0.0], [-1.0, 0.0, 0.0, 0.0, 1.0, 0.0, 0.0, 0.0, 0.0], [1.0, 0.0, 0.0, 0.0, 0.0, -1.0, 0.0, 0.0, 0.0], [0.0, -1.0, 0.0, 0.0, 0.0, 1.0, 0.0, 0.0, 0.0], [0.0, 1.0, -1.0, 0.0, 0.0, 0.0, 0.0, 0.0, 0.0], [0.0, 0.0, 1.0, -1.0, 0.0, 0.0, 0.0, 0.0, 0.0], [0.0, 0.0, 0.0, 1.0, 0.0, 0.0, -1.0, 0.0, 0.0], [0.0, 0.0, 0.0, 0.0, 0.0, 0.0, 1.0, -1.0, 0.0], [0.0, 0.0, 0.0, 0.0, -1.0, 0.0, 0.0, 1.0, 0.0], [1.0, -1.0, 0.0, 0.0, 0.0, 0.0, 0.0, 0.0, 0.0], [0.0, 1.0, -1.0, 0.0, 0.0, 0.0, 0.0, 0.0, 0.0], [0.0, 0.0, 1.0, -1.0, 0.0, 0.0, 0.0, 0.0, 0.0], [-1.0, 0.0, 0.0, 1.0, 0.0, 0.0, 0.0, 0.0, 0.0], [1.0, 0.0, 0.0, 0.0, -1.0, 0.0, 0.0, 0.0, 0.0], [0.0, -1.0, 0.0, 0.0, 1.0, 0.0, 0.0, 0.0, 0.0], [0.0, 1.0, -1.0, 0.0, 0.0, 0.0, 0.0, 0.0, 0.0], [0.0, 0.0, 1.0, 0.0, 0.0, -1.0, 0.0, 0.0, 0.0], [0.0, 0.0, 0.0, -1.0, 0.0, 1.0, 0.0, 0.0, 0.0], [0.0, 0.0, 0.0, 1.0, 0.0, 0.0, -1.0, 0.0, 0.0], [0.0, 0.0, 0.0, 0.0, 0.0, 0.0, 1.0, -1.0, 0.0], [0.0, 0.0, 0.0, 0.0, -1.0, 0.0, 0.0, 1.0, 0.0], [1.0, -1.0, 0.0, 0.0, 0.0, 0.0, 0.0, 0.0, 0.0], [0.0, 1.0, -1.0, 0.0, 0.0, 0.0, 0.0, 0.0, 0.0], [0.0, 0.0, 1.0, -1.0, 0.0, 0.0, 0.0, 0.0, 0.0], [0.0, 0.0, 0.0, 1.0, -1.0, 0.0, 0.0, 0.0, 0.0], [0.0, 0.0, 0.0, 0.0, 1.0, -1.0, 0.0, 0.0, 0.0], [-1.0, 0.0, 0.0, 0.0, 0.0, 1.0, 0.0, 0.0, 0.0], [1.0, -1.0, 0.0, 0.0, 0.0, 0.0, 0.0, 0.0, 0.0], [0.0, 1.0, 0.0, 0.0, 0.0, 0.0, -1.0, 0.0, 0.0], [0.0, 0.0, -1.0, 0.0, 0.0, 0.0, 1.0, 0.0, 0.0], [0.0, 0.0, 1.0, 0.0, 0.0, 0.0, 0.0, -1.0, 0.0], [0.0, 0.0, 0.0, -1.0, 0.0, 0.0, 0.0, 1.0, 0.0], [-0.19183107361666585, 0.08768841100385519, 0.06595193984569347, 0.038190722767117186, -0.034923383032312495, -0.03990561467306738, -0.058631277177387114, -1.8810705424231864, 1.0], [1.0830551675625582, -0.09560069123961856, -0.19648856144333815, -0.3569321748509606, -0.866715000967457, -0.0, 0.4326812609388162, -1.6519366512234934, 1.0], [0.2165468679590583, -0.19547941917478343, -0.24450246571641915, -0.35701279540242714, -0.0, 0.1478919665517836, 0.43255584578278783, -2.3256659645401756, 1.0], [0.26179374419802454, -0.26564418997155054, 0.01529700082556037, -0.0006294084179036637, -0.22207087445116802, -0.10586894275438052, 0.3171226705714178, -1.991465289692464, 1.0]], "b_ub": [0.0, 0.0, 0.0, 0.0, 0.664209, -0.664209, 0.664209, 0.0, 0.0, -0.664209, 0.0, 0.664209, 0.0, 0.0, 0.0, 0.664134, -0.664134, 0.664134, 0.0, -0.664134, 0.664134, -0.664134, 0.0, 0.664134, 0.0, 0.0, 0.0, 0.0, 0.0, 0.855601, 0.0, -0.855601, 0.855601, -0.855601, 0.855601, 0.0, 0.0, 0.0, 0.0], "A_eq": [[1.0, 0.0, 0.0, 0.0, 0.0, 0.0, 0.0, 0.0, 0.0], [0.0, 0.0, 0.0, 0.0, 0.0, 0.0, 0.0, 1.0, 0.0]], "b_eq": [0.0, 1.0], "c": [0.0, 0.0, 0.0, 0.0, 0.0, 0.0, 0.0, 0.0, -1.0], "bounds": [[0.0, 1.0], [0.0, 1.0], [0.0, 1.0], [0.0, 1.0], [0.0, 1.0], [0.0, 1.0], [0.0, 1.0], [0.0, 1.0], [null, null]]}