{"status": 0, "success": true, "fun": -1.9611456949563277, "x": [-0.0, 0.061089346100484755, 0.14439900000000006, 0.7252983461004848, 0.855601, 0.855601, 1.0, 1.0, 1.9611456949563277], "dual_ub": [-0.0, -0.0, -0.0, -0.0, -0.3004570972853693, -0.0, -0.0, -0.012535228254679055, -0.0, -0.0, -0.0, -0.0, -0.0, -0.0, -0.0, -0.0, -0.0, -0.0, -0.0, -0.0, -0.0, -0.0, -0.0, -0.0, -0.0, -0.0, -0.03615678804777194, -0.0, -0.0, -0.0, -0.03339009724410257, -0.0, -0.0, -0.7207586882338024, -0.0, -0.2792413117661976, -0.0], "dual_eq": [-0.08119060883657134, -0.0], "dual_lower": [0.0, 0.0, 0.0, 0.0, 0.0, 0.0, 0.0, 0.0, 0.0], "dual_upper": [0.0, 0.0, 0.0, 0.0, 0.0, 0.0, -0.01500204381925449, -2.2052143438705043, 0.0], "A_ub": [[1.0, -1.0, 0.0, 0.0, 0.0, 0.0, 0.0, 0.0, 0.0], [0.0, 1.0, -1.0, 0.0, 0.0, 0.0, 0.0, 0.0, 0.0], [-1.0, 0.0, 1.0, 0.0, 0.0, 0.0, 0.0, 0.0, 0.0], [1.0, -1.0, 0.0, 0.0, 0.0, 0.0, 0.0, 0.0, 0.0], [0.0, 1.0, 0.0, -1.0, 0.0, 0.0, 0.0, 0.0, 0.0], [0.0, 0.0, -1.0, 1.0, 0.0, 0.0, 0.0, 0.0, 0.0], [0.0, 0.0, 1.0, 0.0, -1.0, 0.0, 0.0, 0.0, 0.0], [0.0, 0.0, 0.0, 0.0, 1.0, -1.0, 0.0, 0.0, 0.0], [0.0, 0.0, 0.0, 0.0, 0.0, 1.0, -1.0, 0.0, 0.0], [0.0, 0.0, 0.0, 0.0, 0.0, 0.0, 1.0, -1.0, 0.0], [0.0, 0.0, 0.0, -1.0, 0.0, 0.0, 0.0, 1.0, 0.0], [1.0, -1.0, 0.0, 0.0, 0.0, 0.0, 0.0, 0.0, 0.0], [0.0, 1.0, -1.0, 0.0, 0.0, 0.0, 0.0, 0.0, 0.0], [-1.0, 0.0, 1.0, 0.0, 0.0, 0.0, 0.0, 0.0, 0.0], [1.0, -1.0, 0.0, 0.0, 0.0, 0.0, 0.0, 0.0, 0.0], [0.0, 1.0, 0.0, -1.0, 0.0, 0.0, 0.0, 0.0, 0.0], [0.0, 0.0, -1.0, 1.0, 0.0, 0.0, 0.0, 0.0, 0.0], [0.0, 0.0, 1.0, 0.0, -1.0, 0.0, 0.0, 0.0, 0.0], [0.0, 0.0, 0.0, 0.0, 1.0, -1.0, 0.0, 0.0, 0.0], [0.0, 0.0, 0.0, 0.0, 0.0, 1.0, -1.0, 0.0, 0.0], [0.0, 0.0, 0.0, 0.0, 0.0, 0.0, 1.0, -1.0, 0.0], [0.0, 0.0, 0.0, -1.0, 0.0, 0.0, 0.0, 1.0, 0.0], [1.0, -1.0, 0.0, 0.0, 0.0, 0.0, 0.0, 0.0, 0.0], [0.0, 1.0, -1.0, 0.0, 0.0, 0.0, 0.0, 0.0, 0.0], [0.0, 0.0, 1.0, -1.0, 0.0, 0.0, 0.0, 0.0, 0.0], [-1.0, 0.0, 0.0, 1.0, 0.0, 0.0, 0.0, 0.0, 0.0], [1.0, 0.0, 0.0, 0.0, -1.0, 0.0, 0.0, 0.0, 0.0], [0.0, 0.0, 0.0, 0.0, 1.0, -1.0, 0.0, 0.0, 0.0], [0.0, -1.0, 0.0, 0.0, 0.0, 1.0, 0.0, 0.0, 0.0], [0.0, 1.0, -1.0, 0.0, 0.0, 0.0, 0.0, 0.0, 0.0], [0.0, 0.0, 1.0, 0.0, 0.0, 0.0, -1.0, 0.0, 0.0], [0.0, 0.0, 0.0, 0.0, 0.0, 0.0, 1.0, -1.0, 0.0], [0.0, 0.0, 0.0, -1.0, 0.0, 0.0, 0.0, 1.0, 0.0], [-0.19183107361666585, 0.08768841100385519, 0.06595193984569347, 0.038190722767117186, -0.034923383032312495, -0.03990561467306738, -0.058631277177387114, -1.8810705424231864, 1.0], [0.07479509362108779, -1.302369466645079, -0.2897395653827655, 0.9773757528345068, 0.17473858927742159, 0.14790543723295932, 0.2172941590618689, -3.0420548527443874, 1.0], [0.0749048053305226, -1.3023118931567625, -0.28980500908660806, 0.9774012316256411, 0.17473378572652692, 0.1478919665517836, 0.21718511300889637, -3.0418722855360247, 1.0], [-0.06614607300752398, -0.26564418997155054, -0.15459579776894222, -0.0006294084179036637, -0.0, -0.0, 0.48701546916592037, -2.4174113736036036, 1.0]], "b_ub": [0.0, 0.0, 0.664209, 0.0, -0.664209, 0.664209, -0.664209, 0.0, 0.0, 0.0, 0.664209, 0.0, 0.0, 0.664134, 0.0, -0.664134, 0.664134, -0.664134, 0.0, 0.0, 0.0, 0.664134, 0.0, 0.0, 0.0, 0.855601, -0.855601, 0.0, 0.855601, 0.0, -0.855601, 0.0, 0.855601, 0.0, 0.0, 0.0, 0.0], "A_eq": [[1.0, 0.0, 0.0, 0.0, 0.0, 0.0, 0.0, 0.0, 0.0], [0.0, 0.0, 0.0, 0.0, 0.0, 0.0, 0.0, 1.0, 0.0]], "b_eq": [0.0, 1.0], "c": [0.0, 0.0, 0.0, 0.0, 0.0, 0.0, 0.0, 0.0, -1.0], "bounds": [[0.0, 1.0], [0.0, 1.0], [0.0, 1.0], [0.0, 1.0], [0.0, 1.0], [0.0, 1.0], [0.0, 1.0], [0.0, 1.0], [null, null]]}