{"status": 0, "success": true, "fun": -1.6439856390383212, "x": [0.0, 0.14439900000000006, 0.14439900000000006, 0.33579099999999995, 0.335866, 1.0, 1.0, 1.0, 1.6439856390383212], "dual_ub": [-0.0, -0.19547941917478343, -0.0, -0.0, -0.0, -0.0, -0.0, -0.0, -0.40998140976720454, -2.604756605815422, -0.0, -0.0, -0.0, -0.0, -0.0, -0.0, -0.0, -0.0, -0.0, -0.0, -0.0, -2.1147434977071233, -0.0, -0.0, -0.0, -0.0, -0.0, -0.0, -0.0, -0.0, -0.0, -0.0, -0.4399818848912026, -0.0, -0.0, -0.0, -0.0, -0.0, -1.0, -0.0], "dual_eq": [-0.0, -0.0], "dual_lower": [1.0836529163664166, 0.0, 0.0, 0.0, 0.0, 0.0, 0.0, 0.0, 0.0], "dual_upper": [0.0, 0.0, 0.0, 0.0, 0.0, 0.0, -1.0836529163664161, -2.6135680636729903, 0.0], "A_ub": [[1.0, -1.0, 0.0, 0.0, 0.0, 0.0, 0.0, 0.0, 0.0], [0.0, 1.0, -1.0, 0.0, 0.0, 0.0, 0.0, 0.0, 0.0], [0.0, 0.0, 1.0, -1.0, 0.0, 0.0, 0.0, 0.0, 0.0], [0.0, 0.0, 0.0, 1.0, -1.0, 0.0, 0.0, 0.0, 0.0], [-1.0, 0.0, 0.0, 0.0, 1.0, 0.0, 0.0, 0.0, 0.0], [1.0, -1.0, 0.0, 0.0, 0.0, 0.0, 0.0, 0.0, 0.0], [0.0, 1.0, -1.0, 0.0, 0.0, 0.0, 0.0, 0.0, 0.0], [0.0, 0.0, 1.0, -1.0, 0.0, 0.0, 0.0, 0.0, 0.0], [0.0, 0.0, 0.0, 1.0, 0.0, -1.0, 0.0, 0.0, 0.0], [0.0, 0.0, 0.0, 0.0, 0.0, 1.0, -1.0, 0.0, 0.0], [0.0, 0.0, 0.0, 0.0, 0.0, 0.0, 1.0, -1.0, 0.0], [0.0, 0.0, 0.0, 0.0, -1.0, 0.0, 0.0, 1.0, 0.0], [1.0, -1.0, 0.0, 0.0, 0.0, 0.0, 0.0, 0.0, 0.0], [0.0, 1.0, -1.0, 0.0, 0.0, 0.0, 0.0, 0.0, 0.0], [0.0, 0.0, 1.0, -1.0, 0.0, 0.0, 0.0, 0.0, 0.0], [0.0, 0.0, 0.0, 1.0, -1.0, 0.0, 0.0, 0.0, 0.0], [-1.0, 0.0, 0.0, 0.0, 1.0, 0.0, 0.0, 0.0, 0.0], [1.0, -1.0, 0.0, 0.0, 0.0, 0.0, 0.0, 0.0, 0.0], [0.0, 1.0, -1.0, 0.0, 0.0, 0.0, 0.0, 0.0, 0.0], [0.0, 0.0, 1.0, -1.0, 0.0, 0.0, 0.0, 0.0, 0.0], [0.0, 0.0, 0.0, 1.0, -1.0, 0.0, 0.0, 0.0, 0.0], [0.0, 0.0, 0.0, 0.0, 1.0, -1.0, 0.0, 0.0, 0.0], [0.0, 0.0, 0.0, 0.0, 0.0, 1.0, -1.0, 0.0, 0.0], [0.0, 0.0, 0.0, 0.0, 0.0, 0.0, 1.0, -1.0, 0.0], [0.0, 0.0, 0.0, 0.0, 0.0, -1.0, 0.0, 1.0, 0.0], [1.0, -1.0, 0.0, 0.0, 0.0, 0.0, 0.0, 0.0, 0.0], [0.0, 1.0, -1.0, 0.0, 0.0, 0.0, 0.0, 0.0, 0.0], [0.0, 0.0, 1.0, -1.0, 0.0, 0.0, 0.0, 0.0, 0.0], [0.0, 0.0, 0.0, 1.0, -1.0, 0.0, 0.0, 0.0, 0.0], [-1.0, 0.0, 0.0, 0.0, 1.0, 0.0, 0.0, 0.0, 0.0], [1.0, -1.0, 0.0, 0.0, 0.0, 0.0, 0.0, 0.0, 0.0], [0.0, 1.0, -1.0, 0.0, 0.0, 0.0, 0.0, 0.0, 0.0], [0.0, 0.0, 1.0, 0.0, 0.0, -1.0, 0.0, 0.0, 0.0], [0.0, 0.0, 0.0, 0.0, 0.0, 1.0, -1.0, 0.0, 0.0], [0.0, 0.0, 0.0, 0.0, 0.0, 0.0, 1.0, -1.0, 0.0], [0.0, 0.0, 0.0, -1.0, 0.0, 0.0, 0.0, 1.0, 0.0], [-0.19183107361666585, 0.08768841100385519, 0.06595193984569347, 0.038190722767117186, -0.034923383032312495, -0.03990561467306738, -0.058631277177387114, -1.8810705424231864, 1.0], [1.0830551675625582, -0.1955474376928922, -0.24444725222302383, -0.4098888278548134, -0.866715000967457, 0.20086209023681212, 0.4326812609388162, -1.785351059317596, 1.0], [1.0836529163664166, -0.19547941917478343, -0.24450246571641915, -0.40998140976720454, -2.1147434977071233, 0.359950186550108, 1.5211036894490058, -2.6135680636729903, 1.0], [0.155924801443644, -0.39795527241621087, -0.18349822149720468, -0.0006294084179036637, -0.22207087445116802, 0.1612135061729228, 0.48701546916592037, -2.365341748447369, 1.0]], "b_ub": [0.0, 0.0, 0.0, 0.0, 0.664209, 0.0, 0.0, 0.0, -0.664209, 0.0, 0.0, 0.664209, 0.0, 0.0, 0.0, 0.0, 0.664134, 0.0, 0.0, 0.0, 0.0, -0.664134, 0.0, 0.0, 0.664134, 0.0, 0.0, 0.0, 0.0, 0.855601, 0.0, 0.0, -0.855601, 0.0, 0.0, 0.855601, 0.0, 0.0, 0.0, 0.0], "A_eq": [[1.0, 0.0, 0.0, 0.0, 0.0, 0.0, 0.0, 0.0, 0.0], [0.0, 0.0, 0.0, 0.0, 0.0, 0.0, 0.0, 1.0, 0.0]], "b_eq": [0.0, 1.0], "c": [0.0, 0.0, 0.0, 0.0, 0.0, 0.0, 0.0, 0.0, -1.0], "bounds": [[0.0, 1.0], [0.0, 1.0], [0.0, 1.0], [0.0, 1.0], [0.0, 1.0], [0.0, 1.0], [0.0, 1.0], [0.0, 1.0], [null, null]]}