{"status": 0, "success": true, "fun": -1.9527588353110665, "x": [0.0, 0.03983776775045744, 0.2312297677504574, 0.2312297677504574, 0.664134, 0.8954387677504574, 0.8954387677504574, 1.0, 1.9527588353110665], "dual_ub": [-0.0, -0.0, -0.045523881457431976, -0.0, -0.0, -0.0, -0.0, -0.0, -0.1419841645939467, -0.34418149993542857, -0.0, -0.0, -0.0, -0.0, -0.0, -0.0, -0.37301867819693935, -0.0, -0.0, -0.0, -0.0, -0.0, -0.0, -0.0, -0.0, -0.0, -0.0, -0.0, -0.0, -0.0, -0.35056010218867295, -0.0, -0.0, -0.0, -0.0, -0.23415679680741977, -0.0, -0.7658432031925803], "dual_eq": [-0.0, -0.0], "dual_lower": [0.0, 0.0, 0.0, 0.0, 0.0, 0.0, 0.0, 0.0, 0.0], "dual_upper": [0.0, 0.0, 0.0, 0.0, 0.0, 0.0, 0.0, -2.099271182458932, 0.0], "A_ub": [[1.0, -1.0, 0.0, 0.0, 0.0, 0.0, 0.0, 0.0, 0.0], [0.0, 1.0, -1.0, 0.0, 0.0, 0.0, 0.0, 0.0, 0.0], [0.0, 0.0, 1.0, -1.0, 0.0, 0.0, 0.0, 0.0, 0.0], [0.0, 0.0, 0.0, 1.0, -1.0, 0.0, 0.0, 0.0, 0.0], [-1.0, 0.0, 0.0, 0.0, 1.0, 0.0, 0.0, 0.0, 0.0], [1.0, -1.0, 0.0, 0.0, 0.0, 0.0, 0.0, 0.0, 0.0], [0.0, 1.0, -1.0, 0.0, 0.0, 0.0, 0.0, 0.0, 0.0], [0.0, 0.0, 1.0, -1.0, 0.0, 0.0, 0.0, 0.0, 0.0], [0.0, 0.0, 0.0, 1.0, 0.0, -1.0, 0.0, 0.0, 0.0], [0.0, 0.0, 0.0, 0.0, 0.0, 1.0, -1.0, 0.0, 0.0], [0.0, 0.0, 0.0, 0.0, 0.0, 0.0, 1.0, -1.0, 0.0], [0.0, 0.0, 0.0, 0.0, -1.0, 0.0, 0.0, 1.0, 0.0], [1.0, -1.0, 0.0, 0.0, 0.0, 0.0, 0.0, 0.0, 0.0], [0.0, 1.0, -1.0, 0.0, 0.0, 0.0, 0.0, 0.0, 0.0], [0.0, 0.0, 1.0, -1.0, 0.0, 0.0, 0.0, 0.0, 0.0], [0.0, 0.0, 0.0, 1.0, -1.0, 0.0, 0.0, 0.0, 0.0], [-1.0, 0.0, 0.0, 0.0, 1.0, 0.0, 0.0, 0.0, 0.0], [1.0, -1.0, 0.0, 0.0, 0.0, 0.0, 0.0, 0.0, 0.0], [0.0, 1.0, -1.0, 0.0, 0.0, 0.0, 0.0, 0.0, 0.0], [0.0, 0.0, 1.0, -1.0, 0.0, 0.0, 0.0, 0.0, 0.0], [0.0, 0.0, 0.0, 1.0, 0.0, -1.0, 0.0, 0.0, 0.0], [0.0, 0.0, 0.0, 0.0, 0.0, 1.0, -1.0, 0.0, 0.0], [0.0, 0.0, 0.0, 0.0, 0.0, 0.0, 1.0, -1.0, 0.0], [0.0, 0.0, 0.0, 0.0, -1.0, 0.0, 0.0, 1.0, 0.0], [1.0, -1.0, 0.0, 0.0, 0.0, 0.0, 0.0, 0.0, 0.0], [0.0, 1.0, -1.0, 0.0, 0.0, 0.0, 0.0, 0.0, 0.0], [0.0, 0.0, 1.0, -1.0, 0.0, 0.0, 0.0, 0.0, 0.0], [0.0, 0.0, 0.0, 1.0, -1.0, 0.0, 0.0, 0.0, 0.0], [-1.0, 0.0, 0.0, 0.0, 1.0, 0.0, 0.0, 0.0, 0.0], [1.0, -1.0, 0.0, 0.0, 0.0, 0.0, 0.0, 0.0, 0.0], [0.0, 1.0, 0.0, 0.0, 0.0, -1.0, 0.0, 0.0, 0.0], [0.0, 0.0, 0.0, 0.0, 0.0, 1.0, -1.0, 0.0, 0.0], [0.0, 0.0, 0.0, 0.0, 0.0, 0.0, 1.0, -1.0, 0.0], [0.0, 0.0, -1.0, 0.0, 0.0, 0.0, 0.0, 1.0, 0.0], [-0.19183107361666585, 0.08768841100385519, 0.06595193984569347, 0.038190722767117186, -0.034923383032312495, -0.03990561467306738, -0.058631277177387114, -1.8810705424231864, 1.0], [1.0830551675625582, -0.1955474376928922, -0.24444725222302383, -0.4098888278548134, -0.866715000967457, 0.20086209023681212, 0.4326812609388162, -1.785351059317596, 1.0], [1.0836529163664166, -0.19547941917478343, -0.24450246571641915, -0.40998140976720454, -0.8671060484073583, 0.200860580916561, 0.43255584578278783, -1.7849696139197402, 1.0], [0.155924801443644, -0.39795527241621087, 0.01529700082556037, -0.0006294084179036637, -0.22207087445116802, 0.13231108244466033, 0.3171226705714178, -2.1952523574327887, 1.0]], "b_ub": [0.0, 0.0, 0.0, 0.0, 0.664209, 0.0, 0.0, 0.0, -0.664209, 0.0, 0.0, 0.664209, 0.0, 0.0, 0.0, 0.0, 0.664134, 0.0, 0.0, 0.0, -0.664134, 0.0, 0.0, 0.664134, 0.0, 0.0, 0.0, 0.0, 0.855601, 0.0, -0.855601, 0.0, 0.0, 0.855601, 0.0, 0.0, 0.0, 0.0], "A_eq": [[1.0, 0.0, 0.0, 0.0, 0.0, 0.0, 0.0, 0.0, 0.0], [0.0, 0.0, 0.0, 0.0, 0.0, 0.0, 0.0, 1.0, 0.0]], "b_eq": [0.0, 1.0], "c": [0.0, 0.0, 0.0, 0.0, 0.0, 0.0, 0.0, 0.0, -1.0], "bounds": [[0.0, 1.0], [0.0, 1.0], [0.0, 1.0], [0.0, 1.0], [0.0, 1.0], [0.0, 1.0], [0.0, 1.0], [0.0, 1.0], [null, null]]}